region,fueltech,interval,power,emissions
NSW1,battery,2026-08-10 00:00:00+10:00,10.633333333333331,0.0
NSW1,battery,2026-08-10 00:30:00+10:00,0.0,0.0
NSW1,battery,2026-08-10 01:00:00+10:00,1.6534666666666513,0.0
NSW1,battery,2026-08-10 01:30:00+10:00,1.3981666666666674,0.0
NSW1,battery,2026-08-10 02:00:00+10:00,0.9213999999999934,0.0
NSW1,battery,2026-08-10 02:30:00+10:00,0.167699999999984,0.0
NSW1,battery,2026-08-10 03:00:00+10:00,0.502666666666673,0.0
NSW1,battery,2026-08-10 03:30:00+10:00,0.3060666666666594,0.0
NSW1,battery,2026-08-10 04:00:00+10:00,0.24079999999999888,0.0
NSW1,battery,2026-08-10 04:30:00+10:00,0.6039666666666539,0.0
NSW1,battery,2026-08-10 05:00:00+10:00,3.541133333333324,0.0
NSW1,battery,2026-08-10 05:30:00+10:00,14.397233333333327,0.0
NSW1,battery,2026-08-10 06:00:00+10:00,14.228033333333348,0.0
NSW1,battery,2026-08-10 06:30:00+10:00,22.741933333333332,0.0
NSW1,battery,2026-08-10 07:00:00+10:00,307.4424333333333,0.0
NSW1,battery,2026-08-10 07:30:00+10:00,794.2572,0.0
NSW1,battery,2026-08-10 08:00:00+10:00,558.3800666666667,0.0
NSW1,battery,2026-08-10 08:30:00+10:00,298.4879,0.0
NSW1,battery,2026-08-10 09:00:00+10:00,78.80913333333334,0.0
NSW1,battery,2026-08-10 09:30:00+10:00,44.220066666666675,0.0
NSW1,battery,2026-08-10 10:00:00+10:00,26.834799999999976,0.0
NSW1,battery,2026-08-10 10:30:00+10:00,32.86896666666667,0.0
NSW1,battery,2026-08-10 11:00:00+10:00,12.352300000000016,0.0
NSW1,battery,2026-08-10 11:30:00+10:00,8.365499999999999,0.0
NSW1,battery,2026-08-10 12:00:00+10:00,2.7567666666666697,0.0
NSW1,battery,2026-08-10 12:30:00+10:00,7.6583666666666845,0.0
NSW1,battery,2026-08-10 13:00:00+10:00,12.73680000000001,0.0
NSW1,battery,2026-08-10 13:30:00+10:00,78.89983333333333,0.0
NSW1,battery,2026-08-10 14:00:00+10:00,0.0,0.0
NSW1,battery,2026-08-10 14:30:00+10:00,82.01526666666668,0.0
NSW1,battery,2026-08-10 15:00:00+10:00,17.470166666666668,0.0
NSW1,battery,2026-08-10 15:30:00+10:00,7.560599999999995,0.0
NSW1,battery,2026-08-10 16:00:00+10:00,73.2037,0.0
NSW1,battery,2026-08-10 16:30:00+10:00,429.6061666666667,0.0
NSW1,battery,2026-08-10 17:00:00+10:00,1696.2128,0.0
NSW1,battery,2026-08-10 17:30:00+10:00,2811.8893000000003,0.0
NSW1,battery,2026-08-10 18:00:00+10:00,2828.3114,0.0
NSW1,battery,2026-08-10 18:30:00+10:00,2897.3602666666666,0.0
NSW1,battery,2026-08-10 19:00:00+10:00,2388.0561333333335,0.0
NSW1,battery,2026-08-10 19:30:00+10:00,1874.0285333333334,0.0
NSW1,battery,2026-08-10 20:00:00+10:00,1492.2635,0.0
NSW1,battery,2026-08-10 20:30:00+10:00,1142.8616,0.0
NSW1,battery,2026-08-10 21:00:00+10:00,622.2889666666666,0.0
NSW1,battery,2026-08-10 21:30:00+10:00,324.6227666666667,0.0
NSW1,battery,2026-08-10 22:00:00+10:00,153.44926666666666,0.0
NSW1,battery,2026-08-10 22:30:00+10:00,92.21636666666666,0.0
NSW1,battery,2026-08-10 23:00:00+10:00,79.79493333333333,0.0
NSW1,battery,2026-08-10 23:30:00+10:00,25.9884,0.0
NSW1,bioenergy,2026-08-10 00:00:00+10:00,44.576750000000004,0.732
NSW1,bioenergy,2026-08-10 00:30:00+10:00,44.65773333333333,0.7331
NSW1,bioenergy,2026-08-10 01:00:00+10:00,42.775866666666666,0.7074
NSW1,bioenergy,2026-08-10 01:30:00+10:00,40.19341666666667,0.6674
NSW1,bioenergy,2026-08-10 02:00:00+10:00,40.1077,0.6688000000000001
NSW1,bioenergy,2026-08-10 02:30:00+10:00,39.81941666666666,0.6629
NSW1,bioenergy,2026-08-10 03:00:00+10:00,39.590849999999996,0.6589
NSW1,bioenergy,2026-08-10 03:30:00+10:00,39.8168,0.6628000000000001
NSW1,bioenergy,2026-08-10 04:00:00+10:00,39.416666666666664,0.6574
NSW1,bioenergy,2026-08-10 04:30:00+10:00,39.749633333333335,0.6614
NSW1,bioenergy,2026-08-10 05:00:00+10:00,40.26773333333333,0.6699
NSW1,bioenergy,2026-08-10 05:30:00+10:00,40.24143333333333,0.6734
NSW1,bioenergy,2026-08-10 06:00:00+10:00,40.09803333333333,0.6701
NSW1,bioenergy,2026-08-10 06:30:00+10:00,37.77276666666666,0.6401
NSW1,bioenergy,2026-08-10 07:00:00+10:00,39.26933333333333,0.6579
NSW1,bioenergy,2026-08-10 07:30:00+10:00,39.875616666666666,0.6662
NSW1,bioenergy,2026-08-10 08:00:00+10:00,38.37591666666666,0.6499
NSW1,bioenergy,2026-08-10 08:30:00+10:00,36.505066666666664,0.6147
NSW1,bioenergy,2026-08-10 09:00:00+10:00,34.180550000000004,0.5825
NSW1,bioenergy,2026-08-10 09:30:00+10:00,22.4863,0.3739
NSW1,bioenergy,2026-08-10 10:00:00+10:00,21.477633333333333,0.3429
NSW1,bioenergy,2026-08-10 10:30:00+10:00,22.14046666666667,0.3554
NSW1,bioenergy,2026-08-10 11:00:00+10:00,21.494966666666667,0.3461
NSW1,bioenergy,2026-08-10 11:30:00+10:00,21.73245,0.3446
NSW1,bioenergy,2026-08-10 12:00:00+10:00,21.787833333333335,0.3524
NSW1,bioenergy,2026-08-10 12:30:00+10:00,21.612366666666663,0.347
NSW1,bioenergy,2026-08-10 13:00:00+10:00,21.497833333333332,0.3445
NSW1,bioenergy,2026-08-10 13:30:00+10:00,21.490616666666668,0.3443
NSW1,bioenergy,2026-08-10 14:00:00+10:00,22.441666666666666,0.3591
NSW1,bioenergy,2026-08-10 14:30:00+10:00,21.479533333333332,0.3444
NSW1,bioenergy,2026-08-10 15:00:00+10:00,25.834766666666667,0.4085
NSW1,bioenergy,2026-08-10 15:30:00+10:00,35.119483333333335,0.5687
NSW1,bioenergy,2026-08-10 16:00:00+10:00,38.15595,0.6294
NSW1,bioenergy,2026-08-10 16:30:00+10:00,37.885133333333336,0.6273
NSW1,bioenergy,2026-08-10 17:00:00+10:00,39.3326,0.6505000000000001
NSW1,bioenergy,2026-08-10 17:30:00+10:00,40.102833333333336,0.6658
NSW1,bioenergy,2026-08-10 18:00:00+10:00,41.1295,0.6852
NSW1,bioenergy,2026-08-10 18:30:00+10:00,41.42783333333333,0.6913
NSW1,bioenergy,2026-08-10 19:00:00+10:00,41.83385,0.6981
NSW1,bioenergy,2026-08-10 19:30:00+10:00,42.13475,0.704
NSW1,bioenergy,2026-08-10 20:00:00+10:00,42.14933333333334,0.7037
NSW1,bioenergy,2026-08-10 20:30:00+10:00,41.497366666666665,0.6926
NSW1,bioenergy,2026-08-10 21:00:00+10:00,41.90136666666667,0.7001999999999999
NSW1,bioenergy,2026-08-10 21:30:00+10:00,42.2652,0.7063
NSW1,bioenergy,2026-08-10 22:00:00+10:00,40.3005,0.6731
NSW1,bioenergy,2026-08-10 22:30:00+10:00,42.68765,0.7081
NSW1,bioenergy,2026-08-10 23:00:00+10:00,44.60073333333333,0.7401
NSW1,bioenergy,2026-08-10 23:30:00+10:00,43.1376,0.7105
NSW1,coal,2026-08-10 00:00:00+10:00,5723.42695,2550.1925
NSW1,coal,2026-08-10 00:30:00+10:00,5469.850833333334,2459.0197
NSW1,coal,2026-08-10 01:00:00+10:00,5190.084733333333,2325.5009
NSW1,coal,2026-08-10 01:30:00+10:00,4959.546283333333,2219.0584
NSW1,coal,2026-08-10 02:00:00+10:00,4716.181333333333,2105.2106
NSW1,coal,2026-08-10 02:30:00+10:00,4484.4865666666665,2005.0506
NSW1,coal,2026-08-10 03:00:00+10:00,4450.6438,1967.6003999999998
NSW1,coal,2026-08-10 03:30:00+10:00,4597.356699999999,2049.5094
NSW1,coal,2026-08-10 04:00:00+10:00,4688.989066666666,2080.7848
NSW1,coal,2026-08-10 04:30:00+10:00,4915.1898833333335,2189.6453
NSW1,coal,2026-08-10 05:00:00+10:00,4993.917383333333,2222.5927
NSW1,coal,2026-08-10 05:30:00+10:00,5151.5586,2295.1775
NSW1,coal,2026-08-10 06:00:00+10:00,5466.9002666666665,2417.0191
NSW1,coal,2026-08-10 06:30:00+10:00,5900.924800000001,2621.0005
NSW1,coal,2026-08-10 07:00:00+10:00,6168.100983333334,2741.6204
NSW1,coal,2026-08-10 07:30:00+10:00,6326.038566666666,2821.7295
NSW1,coal,2026-08-10 08:00:00+10:00,6306.702316666667,2813.4058999999997
NSW1,coal,2026-08-10 08:30:00+10:00,6190.26555,2767.2711
NSW1,coal,2026-08-10 09:00:00+10:00,5978.681433333334,2678.9426
NSW1,coal,2026-08-10 09:30:00+10:00,5789.138750000001,2587.5713
NSW1,coal,2026-08-10 10:00:00+10:00,5607.9577,2501.8791
NSW1,coal,2026-08-10 10:30:00+10:00,5446.3058,2433.1564
NSW1,coal,2026-08-10 11:00:00+10:00,5434.583816666666,2418.5651
NSW1,coal,2026-08-10 11:30:00+10:00,5465.203966666667,2447.9856
NSW1,coal,2026-08-10 12:00:00+10:00,5232.35355,2339.705
NSW1,coal,2026-08-10 12:30:00+10:00,5101.44245,2275.9619
NSW1,coal,2026-08-10 13:00:00+10:00,5099.705016666667,2269.6549
NSW1,coal,2026-08-10 13:30:00+10:00,4942.43035,2207.388
NSW1,coal,2026-08-10 14:00:00+10:00,4673.77725,2094.1647000000003
NSW1,coal,2026-08-10 14:30:00+10:00,4486.47275,1988.2836
NSW1,coal,2026-08-10 15:00:00+10:00,4585.9383,2043.5336
NSW1,coal,2026-08-10 15:30:00+10:00,4887.208483333333,2153.8759999999997
NSW1,coal,2026-08-10 16:00:00+10:00,5615.959749999999,2462.8183
NSW1,coal,2026-08-10 16:30:00+10:00,6297.272516666667,2780.4345
NSW1,coal,2026-08-10 17:00:00+10:00,6549.422416666667,2918.0337
NSW1,coal,2026-08-10 17:30:00+10:00,6589.09185,2933.2465
NSW1,coal,2026-08-10 18:00:00+10:00,6637.851433333333,2957.2087
NSW1,coal,2026-08-10 18:30:00+10:00,6625.542583333333,2951.9586
NSW1,coal,2026-08-10 19:00:00+10:00,6610.68235,2945.5731
NSW1,coal,2026-08-10 19:30:00+10:00,6641.175966666667,2957.7052
NSW1,coal,2026-08-10 20:00:00+10:00,6659.6008,2968.7382
NSW1,coal,2026-08-10 20:30:00+10:00,6670.330883333333,2969.5576
NSW1,coal,2026-08-10 21:00:00+10:00,6637.977666666667,2960.8971
NSW1,coal,2026-08-10 21:30:00+10:00,6508.9758,2904.8796
NSW1,coal,2026-08-10 22:00:00+10:00,6354.77,2842.6012
NSW1,coal,2026-08-10 22:30:00+10:00,5910.759183333333,2653.7215
NSW1,coal,2026-08-10 23:00:00+10:00,5491.9204,2458.0983
NSW1,coal,2026-08-10 23:30:00+10:00,5355.9599499999995,2392.2051
NSW1,distillate,2026-08-10 00:00:00+10:00,0.0,0.0
NSW1,distillate,2026-08-10 00:30:00+10:00,0.0,0.0
NSW1,distillate,2026-08-10 01:00:00+10:00,0.0,0.0
NSW1,distillate,2026-08-10 01:30:00+10:00,0.0,0.0
NSW1,distillate,2026-08-10 02:00:00+10:00,0.0,0.0
NSW1,distillate,2026-08-10 02:30:00+10:00,0.0,0.0
NSW1,distillate,2026-08-10 03:00:00+10:00,0.0,0.0
NSW1,distillate,2026-08-10 03:30:00+10:00,0.0,0.0
NSW1,distillate,2026-08-10 04:00:00+10:00,0.0,0.0
NSW1,distillate,2026-08-10 04:30:00+10:00,0.0,0.0
NSW1,distillate,2026-08-10 05:00:00+10:00,0.0,0.0
NSW1,distillate,2026-08-10 05:30:00+10:00,0.0,0.0
NSW1,distillate,2026-08-10 06:00:00+10:00,0.0,0.0
NSW1,distillate,2026-08-10 06:30:00+10:00,0.0,0.0
NSW1,distillate,2026-08-10 07:00:00+10:00,0.0,0.0
NSW1,distillate,2026-08-10 07:30:00+10:00,0.0,0.0
NSW1,distillate,2026-08-10 08:00:00+10:00,0.0,0.0
NSW1,distillate,2026-08-10 08:30:00+10:00,0.0,0.0
NSW1,distillate,2026-08-10 09:00:00+10:00,0.0,0.0
NSW1,distillate,2026-08-10 09:30:00+10:00,0.0,0.0
NSW1,distillate,2026-08-10 10:00:00+10:00,0.0,0.0
NSW1,distillate,2026-08-10 10:30:00+10:00,0.0,0.0
NSW1,distillate,2026-08-10 11:00:00+10:00,0.0,0.0
NSW1,distillate,2026-08-10 11:30:00+10:00,0.0,0.0
NSW1,distillate,2026-08-10 12:00:00+10:00,0.0,0.0
NSW1,distillate,2026-08-10 12:30:00+10:00,0.0,0.0
NSW1,distillate,2026-08-10 13:00:00+10:00,0.0,0.0
NSW1,distillate,2026-08-10 13:30:00+10:00,0.0,0.0
NSW1,distillate,2026-08-10 14:00:00+10:00,0.0,0.0
NSW1,distillate,2026-08-10 14:30:00+10:00,0.0,0.0
NSW1,distillate,2026-08-10 15:00:00+10:00,0.0,0.0
NSW1,distillate,2026-08-10 15:30:00+10:00,0.0,0.0
NSW1,distillate,2026-08-10 16:00:00+10:00,0.0,0.0
NSW1,distillate,2026-08-10 16:30:00+10:00,0.0,0.0
NSW1,distillate,2026-08-10 17:00:00+10:00,0.0,0.0
NSW1,distillate,2026-08-10 17:30:00+10:00,0.0,0.0
NSW1,distillate,2026-08-10 18:00:00+10:00,0.0,0.0
NSW1,distillate,2026-08-10 18:30:00+10:00,0.0,0.0
NSW1,distillate,2026-08-10 19:00:00+10:00,0.0,0.0
NSW1,distillate,2026-08-10 19:30:00+10:00,0.0,0.0
NSW1,distillate,2026-08-10 20:00:00+10:00,0.0,0.0
NSW1,distillate,2026-08-10 20:30:00+10:00,0.0,0.0
NSW1,distillate,2026-08-10 21:00:00+10:00,0.0,0.0
NSW1,distillate,2026-08-10 21:30:00+10:00,0.0,0.0
NSW1,distillate,2026-08-10 22:00:00+10:00,0.0,0.0
NSW1,distillate,2026-08-10 22:30:00+10:00,0.0,0.0
NSW1,distillate,2026-08-10 23:00:00+10:00,0.0,0.0
NSW1,distillate,2026-08-10 23:30:00+10:00,0.0,0.0
NSW1,gas,2026-08-10 00:00:00+10:00,43.85,13.2031
NSW1,gas,2026-08-10 00:30:00+10:00,43.89833333333333,13.2179
NSW1,gas,2026-08-10 01:00:00+10:00,43.92166666666666,13.224699999999999
NSW1,gas,2026-08-10 01:30:00+10:00,43.93,13.2272
NSW1,gas,2026-08-10 02:00:00+10:00,43.93166666666667,13.2279
NSW1,gas,2026-08-10 02:30:00+10:00,43.92666666666667,13.225999999999999
NSW1,gas,2026-08-10 03:00:00+10:00,43.946666666666665,13.2323
NSW1,gas,2026-08-10 03:30:00+10:00,43.903333333333336,13.219
NSW1,gas,2026-08-10 04:00:00+10:00,43.94,13.2311
NSW1,gas,2026-08-10 04:30:00+10:00,43.906666666666666,13.2193
NSW1,gas,2026-08-10 05:00:00+10:00,43.845,13.206199999999999
NSW1,gas,2026-08-10 05:30:00+10:00,43.89666666666667,13.2152
NSW1,gas,2026-08-10 06:00:00+10:00,43.89333333333334,13.2135
NSW1,gas,2026-08-10 06:30:00+10:00,43.913333333333334,13.2227
NSW1,gas,2026-08-10 07:00:00+10:00,43.94333333333333,13.2316
NSW1,gas,2026-08-10 07:30:00+10:00,43.901666666666664,13.2203
NSW1,gas,2026-08-10 08:00:00+10:00,43.88833333333333,13.2141
NSW1,gas,2026-08-10 08:30:00+10:00,43.906666666666666,13.2218
NSW1,gas,2026-08-10 09:00:00+10:00,43.835,13.1967
NSW1,gas,2026-08-10 09:30:00+10:00,43.876666666666665,13.2125
NSW1,gas,2026-08-10 10:00:00+10:00,43.88999999999999,13.214
NSW1,gas,2026-08-10 10:30:00+10:00,43.90833333333333,13.2193
NSW1,gas,2026-08-10 11:00:00+10:00,43.836666666666666,13.2032
NSW1,gas,2026-08-10 11:30:00+10:00,43.77333333333333,13.1887
NSW1,gas,2026-08-10 12:00:00+10:00,43.38333333333333,13.069600000000001
NSW1,gas,2026-08-10 12:30:00+10:00,43.321666666666665,13.0404
NSW1,gas,2026-08-10 13:00:00+10:00,43.435,13.0783
NSW1,gas,2026-08-10 13:30:00+10:00,42.86666666666667,12.916
NSW1,gas,2026-08-10 14:00:00+10:00,43.35,13.0403
NSW1,gas,2026-08-10 14:30:00+10:00,44.18333333333334,13.2554
NSW1,gas,2026-08-10 15:00:00+10:00,45.86333333333334,13.7943
NSW1,gas,2026-08-10 15:30:00+10:00,46.20166666666666,13.905999999999999
NSW1,gas,2026-08-10 16:00:00+10:00,46.52333333333333,13.9918
NSW1,gas,2026-08-10 16:30:00+10:00,46.333333333333336,13.9685
NSW1,gas,2026-08-10 17:00:00+10:00,46.318333333333335,13.9407
NSW1,gas,2026-08-10 17:30:00+10:00,46.50666666666667,14.0026
NSW1,gas,2026-08-10 18:00:00+10:00,46.471666666666664,14.0015
NSW1,gas,2026-08-10 18:30:00+10:00,45.99333333333333,13.8451
NSW1,gas,2026-08-10 19:00:00+10:00,45.95666666666667,13.8375
NSW1,gas,2026-08-10 19:30:00+10:00,45.708333333333336,13.762799999999999
NSW1,gas,2026-08-10 20:00:00+10:00,45.535,13.7107
NSW1,gas,2026-08-10 20:30:00+10:00,46.425000000000004,13.9785
NSW1,gas,2026-08-10 21:00:00+10:00,46.36833333333333,13.9616
NSW1,gas,2026-08-10 21:30:00+10:00,46.44,13.9831
NSW1,gas,2026-08-10 22:00:00+10:00,45.971666666666664,13.841999999999999
NSW1,gas,2026-08-10 22:30:00+10:00,45.91,13.8234
NSW1,gas,2026-08-10 23:00:00+10:00,46.586666666666666,14.0273
NSW1,gas,2026-08-10 23:30:00+10:00,46.086666666666666,13.8767
NSW1,hydro,2026-08-10 00:00:00+10:00,367.9643833333334,0.0
NSW1,hydro,2026-08-10 00:30:00+10:00,313.29738333333336,0.0
NSW1,hydro,2026-08-10 01:00:00+10:00,168.50618333333333,0.0
NSW1,hydro,2026-08-10 01:30:00+10:00,319.55718333333334,0.0
NSW1,hydro,2026-08-10 02:00:00+10:00,449.6010833333333,0.0
NSW1,hydro,2026-08-10 02:30:00+10:00,390.8159666666667,0.0
NSW1,hydro,2026-08-10 03:00:00+10:00,356.88138333333336,0.0
NSW1,hydro,2026-08-10 03:30:00+10:00,328.88828333333333,0.0
NSW1,hydro,2026-08-10 04:00:00+10:00,265.85251666666665,0.0
NSW1,hydro,2026-08-10 04:30:00+10:00,230.14149999999998,0.0
NSW1,hydro,2026-08-10 05:00:00+10:00,267.68983333333335,0.0
NSW1,hydro,2026-08-10 05:30:00+10:00,291.0014,0.0
NSW1,hydro,2026-08-10 06:00:00+10:00,396.39300000000003,0.0
NSW1,hydro,2026-08-10 06:30:00+10:00,616.3424833333333,0.0
NSW1,hydro,2026-08-10 07:00:00+10:00,765.5279333333333,0.0
NSW1,hydro,2026-08-10 07:30:00+10:00,439.60183333333333,0.0
NSW1,hydro,2026-08-10 08:00:00+10:00,336.55945,0.0
NSW1,hydro,2026-08-10 08:30:00+10:00,289.6616833333333,0.0
NSW1,hydro,2026-08-10 09:00:00+10:00,228.50111666666666,0.0
NSW1,hydro,2026-08-10 09:30:00+10:00,67.89999999999999,0.0
NSW1,hydro,2026-08-10 10:00:00+10:00,67.71666666666667,0.0
NSW1,hydro,2026-08-10 10:30:00+10:00,80.14221666666667,0.0
NSW1,hydro,2026-08-10 11:00:00+10:00,125.14956666666666,0.0
NSW1,hydro,2026-08-10 11:30:00+10:00,82.97328333333333,0.0
NSW1,hydro,2026-08-10 12:00:00+10:00,67.75,0.0
NSW1,hydro,2026-08-10 12:30:00+10:00,67.58333333333333,0.0
NSW1,hydro,2026-08-10 13:00:00+10:00,67.93333333333334,0.0
NSW1,hydro,2026-08-10 13:30:00+10:00,67.39999999999999,0.0
NSW1,hydro,2026-08-10 14:00:00+10:00,67.0,0.0
NSW1,hydro,2026-08-10 14:30:00+10:00,67.95,0.0
NSW1,hydro,2026-08-10 15:00:00+10:00,67.09495,0.0
NSW1,hydro,2026-08-10 15:30:00+10:00,138.72803333333334,0.0
NSW1,hydro,2026-08-10 16:00:00+10:00,316.7655833333333,0.0
NSW1,hydro,2026-08-10 16:30:00+10:00,560.1982833333333,0.0
NSW1,hydro,2026-08-10 17:00:00+10:00,904.2416166666667,0.0
NSW1,hydro,2026-08-10 17:30:00+10:00,1058.53865,0.0
NSW1,hydro,2026-08-10 18:00:00+10:00,961.5486833333333,0.0
NSW1,hydro,2026-08-10 18:30:00+10:00,827.8210333333333,0.0
NSW1,hydro,2026-08-10 19:00:00+10:00,676.1887,0.0
NSW1,hydro,2026-08-10 19:30:00+10:00,549.3738833333333,0.0
NSW1,hydro,2026-08-10 20:00:00+10:00,507.05836666666664,0.0
NSW1,hydro,2026-08-10 20:30:00+10:00,497.97093333333333,0.0
NSW1,hydro,2026-08-10 21:00:00+10:00,497.6021166666667,0.0
NSW1,hydro,2026-08-10 21:30:00+10:00,547.4178666666667,0.0
NSW1,hydro,2026-08-10 22:00:00+10:00,545.2117999999999,0.0
NSW1,hydro,2026-08-10 22:30:00+10:00,491.5769666666667,0.0
NSW1,hydro,2026-08-10 23:00:00+10:00,519.39325,0.0
NSW1,hydro,2026-08-10 23:30:00+10:00,495.83570000000003,0.0
NSW1,pumps,2026-08-10 00:00:00+10:00,21.02375,0.0
NSW1,pumps,2026-08-10 00:30:00+10:00,43.74228333333334,0.0
NSW1,pumps,2026-08-10 01:00:00+10:00,43.69341666666666,0.0
NSW1,pumps,2026-08-10 01:30:00+10:00,43.668749999999996,0.0
NSW1,pumps,2026-08-10 02:00:00+10:00,43.66063333333333,0.0
NSW1,pumps,2026-08-10 02:30:00+10:00,43.65275,0.0
NSW1,pumps,2026-08-10 03:00:00+10:00,43.603133333333325,0.0
NSW1,pumps,2026-08-10 03:30:00+10:00,43.595,0.0
NSW1,pumps,2026-08-10 04:00:00+10:00,43.603133333333325,0.0
NSW1,pumps,2026-08-10 04:30:00+10:00,43.57059999999999,0.0
NSW1,pumps,2026-08-10 05:00:00+10:00,43.562466666666666,0.0
NSW1,pumps,2026-08-10 05:30:00+10:00,36.31303333333333,0.0
NSW1,pumps,2026-08-10 06:00:00+10:00,0.0,0.0
NSW1,pumps,2026-08-10 06:30:00+10:00,0.0,0.0
NSW1,pumps,2026-08-10 07:00:00+10:00,0.0,0.0
NSW1,pumps,2026-08-10 07:30:00+10:00,0.0,0.0
NSW1,pumps,2026-08-10 08:00:00+10:00,0.0,0.0
NSW1,pumps,2026-08-10 08:30:00+10:00,0.0,0.0
NSW1,pumps,2026-08-10 09:00:00+10:00,0.0,0.0
NSW1,pumps,2026-08-10 09:30:00+10:00,0.0,0.0
NSW1,pumps,2026-08-10 10:00:00+10:00,0.0,0.0
NSW1,pumps,2026-08-10 10:30:00+10:00,0.0,0.0
NSW1,pumps,2026-08-10 11:00:00+10:00,0.0,0.0
NSW1,pumps,2026-08-10 11:30:00+10:00,0.0,0.0
NSW1,pumps,2026-08-10 12:00:00+10:00,0.0,0.0
NSW1,pumps,2026-08-10 12:30:00+10:00,0.0,0.0
NSW1,pumps,2026-08-10 13:00:00+10:00,0.0,0.0
NSW1,pumps,2026-08-10 13:30:00+10:00,0.0,0.0
NSW1,pumps,2026-08-10 14:00:00+10:00,0.0,0.0
NSW1,pumps,2026-08-10 14:30:00+10:00,0.0,0.0
NSW1,pumps,2026-08-10 15:00:00+10:00,0.0,0.0
NSW1,pumps,2026-08-10 15:30:00+10:00,0.0,0.0
NSW1,pumps,2026-08-10 16:00:00+10:00,0.0,0.0
NSW1,pumps,2026-08-10 16:30:00+10:00,0.0,0.0
NSW1,pumps,2026-08-10 17:00:00+10:00,0.0,0.0
NSW1,pumps,2026-08-10 17:30:00+10:00,0.0,0.0
NSW1,pumps,2026-08-10 18:00:00+10:00,0.0,0.0
NSW1,pumps,2026-08-10 18:30:00+10:00,0.0,0.0
NSW1,pumps,2026-08-10 19:00:00+10:00,0.0,0.0
NSW1,pumps,2026-08-10 19:30:00+10:00,0.0,0.0
NSW1,pumps,2026-08-10 20:00:00+10:00,0.0,0.0
NSW1,pumps,2026-08-10 20:30:00+10:00,0.0,0.0
NSW1,pumps,2026-08-10 21:00:00+10:00,0.0,0.0
NSW1,pumps,2026-08-10 21:30:00+10:00,0.0,0.0
NSW1,pumps,2026-08-10 22:00:00+10:00,0.0,0.0
NSW1,pumps,2026-08-10 22:30:00+10:00,0.0,0.0
NSW1,pumps,2026-08-10 23:00:00+10:00,0.0,0.0
NSW1,pumps,2026-08-10 23:30:00+10:00,0.0,0.0
NSW1,solar,2026-08-10 00:00:00+10:00,0.015033333333333334,0.0
NSW1,solar,2026-08-10 00:30:00+10:00,0.014866666666666667,0.0
NSW1,solar,2026-08-10 01:00:00+10:00,0.015033333333333334,0.0
NSW1,solar,2026-08-10 01:30:00+10:00,0.0147,0.0
NSW1,solar,2026-08-10 02:00:00+10:00,0.015033333333333334,0.0
NSW1,solar,2026-08-10 02:30:00+10:00,0.014866666666666667,0.0
NSW1,solar,2026-08-10 03:00:00+10:00,0.0147,0.0
NSW1,solar,2026-08-10 03:30:00+10:00,0.014866666666666667,0.0
NSW1,solar,2026-08-10 04:00:00+10:00,0.015033333333333334,0.0
NSW1,solar,2026-08-10 04:30:00+10:00,0.014866666666666667,0.0
NSW1,solar,2026-08-10 05:00:00+10:00,0.015033333333333334,0.0
NSW1,solar,2026-08-10 05:30:00+10:00,0.014866666666666667,0.0
NSW1,solar,2026-08-10 06:00:00+10:00,0.015033333333333334,0.0
NSW1,solar,2026-08-10 06:30:00+10:00,0.9374333333333333,0.0
NSW1,solar,2026-08-10 07:00:00+10:00,12.698100000000002,0.0
NSW1,solar,2026-08-10 07:30:00+10:00,170.29911666666666,0.0
NSW1,solar,2026-08-10 08:00:00+10:00,568.31795,0.0
NSW1,solar,2026-08-10 08:30:00+10:00,1270.73875,0.0
NSW1,solar,2026-08-10 09:00:00+10:00,2254.3543,0.0
NSW1,solar,2026-08-10 09:30:00+10:00,3111.5916333333334,0.0
NSW1,solar,2026-08-10 10:00:00+10:00,3849.251583333333,0.0
NSW1,solar,2026-08-10 10:30:00+10:00,4548.187166666667,0.0
NSW1,solar,2026-08-10 11:00:00+10:00,4727.9676,0.0
NSW1,solar,2026-08-10 11:30:00+10:00,4941.350816666666,0.0
NSW1,solar,2026-08-10 12:00:00+10:00,4985.309983333334,0.0
NSW1,solar,2026-08-10 12:30:00+10:00,5058.865,0.0
NSW1,solar,2026-08-10 13:00:00+10:00,4862.920999999999,0.0
NSW1,solar,2026-08-10 13:30:00+10:00,4291.042816666667,0.0
NSW1,solar,2026-08-10 14:00:00+10:00,4008.6199666666666,0.0
NSW1,solar,2026-08-10 14:30:00+10:00,3614.9607833333334,0.0
NSW1,solar,2026-08-10 15:00:00+10:00,3142.9726499999997,0.0
NSW1,solar,2026-08-10 15:30:00+10:00,2413.8490500000003,0.0
NSW1,solar,2026-08-10 16:00:00+10:00,1799.7207166666667,0.0
NSW1,solar,2026-08-10 16:30:00+10:00,1028.7421666666667,0.0
NSW1,solar,2026-08-10 17:00:00+10:00,332.98066666666665,0.0
NSW1,solar,2026-08-10 17:30:00+10:00,23.436216666666667,0.0
NSW1,solar,2026-08-10 18:00:00+10:00,0.023033333333333333,0.0
NSW1,solar,2026-08-10 18:30:00+10:00,0.012866666666666667,0.0
NSW1,solar,2026-08-10 19:00:00+10:00,0.012866666666666667,0.0
NSW1,solar,2026-08-10 19:30:00+10:00,0.013033333333333334,0.0
NSW1,solar,2026-08-10 20:00:00+10:00,0.013033333333333334,0.0
NSW1,solar,2026-08-10 20:30:00+10:00,0.012866666666666667,0.0
NSW1,solar,2026-08-10 21:00:00+10:00,0.013033333333333334,0.0
NSW1,solar,2026-08-10 21:30:00+10:00,0.012700000000000001,0.0
NSW1,solar,2026-08-10 22:00:00+10:00,0.013033333333333334,0.0
NSW1,solar,2026-08-10 22:30:00+10:00,0.012866666666666667,0.0
NSW1,solar,2026-08-10 23:00:00+10:00,0.012700000000000001,0.0
NSW1,solar,2026-08-10 23:30:00+10:00,0.012866666666666667,0.0
NSW1,wind,2026-08-10 00:00:00+10:00,1546.0877333333335,0.0
NSW1,wind,2026-08-10 00:30:00+10:00,1649.79325,0.0
NSW1,wind,2026-08-10 01:00:00+10:00,1794.0520999999999,0.0
NSW1,wind,2026-08-10 01:30:00+10:00,1978.7019333333335,0.0
NSW1,wind,2026-08-10 02:00:00+10:00,2087.2267333333334,0.0
NSW1,wind,2026-08-10 02:30:00+10:00,2115.8565166666667,0.0
NSW1,wind,2026-08-10 03:00:00+10:00,2117.5331166666665,0.0
NSW1,wind,2026-08-10 03:30:00+10:00,2149.4855666666667,0.0
NSW1,wind,2026-08-10 04:00:00+10:00,2207.36235,0.0
NSW1,wind,2026-08-10 04:30:00+10:00,2124.332966666667,0.0
NSW1,wind,2026-08-10 05:00:00+10:00,2266.0382833333333,0.0
NSW1,wind,2026-08-10 05:30:00+10:00,2078.0389833333334,0.0
NSW1,wind,2026-08-10 06:00:00+10:00,1913.95475,0.0
NSW1,wind,2026-08-10 06:30:00+10:00,1839.9736666666668,0.0
NSW1,wind,2026-08-10 07:00:00+10:00,1815.3594333333333,0.0
NSW1,wind,2026-08-10 07:30:00+10:00,1742.1110666666666,0.0
NSW1,wind,2026-08-10 08:00:00+10:00,1818.5248,0.0
NSW1,wind,2026-08-10 08:30:00+10:00,1846.4330833333333,0.0
NSW1,wind,2026-08-10 09:00:00+10:00,1850.927,0.0
NSW1,wind,2026-08-10 09:30:00+10:00,1805.5167666666666,0.0
NSW1,wind,2026-08-10 10:00:00+10:00,1813.1031166666664,0.0
NSW1,wind,2026-08-10 10:30:00+10:00,1768.79785,0.0
NSW1,wind,2026-08-10 11:00:00+10:00,1750.0034333333333,0.0
NSW1,wind,2026-08-10 11:30:00+10:00,1716.0657666666666,0.0
NSW1,wind,2026-08-10 12:00:00+10:00,1681.2352333333336,0.0
NSW1,wind,2026-08-10 12:30:00+10:00,1612.5293833333333,0.0
NSW1,wind,2026-08-10 13:00:00+10:00,1486.1538,0.0
NSW1,wind,2026-08-10 13:30:00+10:00,1448.6874500000001,0.0
NSW1,wind,2026-08-10 14:00:00+10:00,1414.1644666666668,0.0
NSW1,wind,2026-08-10 14:30:00+10:00,1474.81865,0.0
NSW1,wind,2026-08-10 15:00:00+10:00,1550.2389833333334,0.0
NSW1,wind,2026-08-10 15:30:00+10:00,1687.06375,0.0
NSW1,wind,2026-08-10 16:00:00+10:00,1766.9898666666668,0.0
NSW1,wind,2026-08-10 16:30:00+10:00,1733.1363166666667,0.0
NSW1,wind,2026-08-10 17:00:00+10:00,1815.6004,0.0
NSW1,wind,2026-08-10 17:30:00+10:00,1881.8387833333334,0.0
NSW1,wind,2026-08-10 18:00:00+10:00,2079.285,0.0
NSW1,wind,2026-08-10 18:30:00+10:00,2118.7512666666667,0.0
NSW1,wind,2026-08-10 19:00:00+10:00,2142.3039166666667,0.0
NSW1,wind,2026-08-10 19:30:00+10:00,2148.1375166666667,0.0
NSW1,wind,2026-08-10 20:00:00+10:00,2105.46565,0.0
NSW1,wind,2026-08-10 20:30:00+10:00,2067.4881499999997,0.0
NSW1,wind,2026-08-10 21:00:00+10:00,2111.417516666667,0.0
NSW1,wind,2026-08-10 21:30:00+10:00,2196.152,0.0
NSW1,wind,2026-08-10 22:00:00+10:00,2204.4681166666664,0.0
NSW1,wind,2026-08-10 22:30:00+10:00,2190.5737166666663,0.0
NSW1,wind,2026-08-10 23:00:00+10:00,2163.9161333333336,0.0
NSW1,wind,2026-08-10 23:30:00+10:00,2189.50425,0.0
