region,interval,power,emissions
NSW1,2026-08-10 00:00:00+10:00,7757.577933333334,2564.1276
NSW1,2026-08-10 00:30:00+10:00,7565.254683333334,2472.9707
NSW1,2026-08-10 01:00:00+10:00,7284.702466666667,2339.433
NSW1,2026-08-10 01:30:00+10:00,7387.010433333333,2232.953
NSW1,2026-08-10 02:00:00+10:00,7381.645583333334,2119.1073
NSW1,2026-08-10 02:30:00+10:00,7118.74045,2018.9395
NSW1,2026-08-10 03:00:00+10:00,7052.716316666666,1981.4916
NSW1,2026-08-10 03:30:00+10:00,7203.366616666666,2063.3912
NSW1,2026-08-10 04:00:00+10:00,7289.4195666666665,2094.6733
NSW1,2026-08-10 04:30:00+10:00,7397.510083333334,2203.526
NSW1,2026-08-10 05:00:00+10:00,7658.8768666666665,2236.4688
NSW1,2026-08-10 05:30:00+10:00,7655.462216666667,2309.0661
NSW1,2026-08-10 06:00:00+10:00,7875.48245,2430.9027
NSW1,2026-08-10 06:30:00+10:00,8462.606416666667,2634.8633
NSW1,2026-08-10 07:00:00+10:00,9152.34155,2755.5099
NSW1,2026-08-10 07:30:00+10:00,9556.085066666667,2835.616
NSW1,2026-08-10 08:00:00+10:00,9670.748833333333,2827.2699000000002
NSW1,2026-08-10 08:30:00+10:00,9975.998699999998,2781.1076
NSW1,2026-08-10 09:00:00+10:00,10469.288533333334,2692.7218000000003
NSW1,2026-08-10 09:30:00+10:00,10884.730183333333,2601.1577
NSW1,2026-08-10 10:00:00+10:00,11430.2315,2515.436
NSW1,2026-08-10 10:30:00+10:00,11942.3508,2446.7311
NSW1,2026-08-10 11:00:00+10:00,12115.388350000001,2432.1144
NSW1,2026-08-10 11:30:00+10:00,12279.465116666666,2461.5189
NSW1,2026-08-10 12:00:00+10:00,12034.5767,2353.127
NSW1,2026-08-10 12:30:00+10:00,11913.012566666666,2289.3493
NSW1,2026-08-10 13:00:00+10:00,11594.382783333334,2283.0777
NSW1,2026-08-10 13:30:00+10:00,10892.817733333333,2220.6483
NSW1,2026-08-10 14:00:00+10:00,10229.35335,2107.5641
NSW1,2026-08-10 14:30:00+10:00,9791.880316666668,2001.8834
NSW1,2026-08-10 15:00:00+10:00,9435.41315,2057.7364
NSW1,2026-08-10 15:30:00+10:00,9215.731066666667,2168.3507
NSW1,2026-08-10 16:00:00+10:00,9657.3189,2477.4395
NSW1,2026-08-10 16:30:00+10:00,10133.173916666667,2795.0303
NSW1,2026-08-10 17:00:00+10:00,11384.108833333332,2932.6249000000003
NSW1,2026-08-10 17:30:00+10:00,12451.4043,2947.9148999999998
NSW1,2026-08-10 18:00:00+10:00,12594.620716666666,2971.8954
NSW1,2026-08-10 18:30:00+10:00,12556.909183333335,2966.495
NSW1,2026-08-10 19:00:00+10:00,11905.034483333335,2960.1087
NSW1,2026-08-10 19:30:00+10:00,11300.572016666667,2972.172
NSW1,2026-08-10 20:00:00+10:00,10852.085683333333,2983.1526
NSW1,2026-08-10 20:30:00+10:00,10466.5868,2984.2287
NSW1,2026-08-10 21:00:00+10:00,9957.569,2975.5589
NSW1,2026-08-10 21:30:00+10:00,9665.886333333334,2919.569
NSW1,2026-08-10 22:00:00+10:00,9344.184383333333,2857.1163
NSW1,2026-08-10 22:30:00+10:00,8773.73675,2668.253
NSW1,2026-08-10 23:00:00+10:00,8346.224816666667,2472.8657
NSW1,2026-08-10 23:30:00+10:00,8156.525433333333,2406.7923
NSW1,2026-08-11 00:00:00+10:00,7937.076183333334,2302.0384
NSW1,2026-08-11 00:30:00+10:00,7708.839933333334,2198.7567
NSW1,2026-08-11 01:00:00+10:00,7412.141,2121.1627
NSW1,2026-08-11 01:30:00+10:00,7064.200366666667,1957.9149
NSW1,2026-08-11 02:00:00+10:00,6956.732083333333,1952.8834
NSW1,2026-08-11 02:30:00+10:00,6763.1367666666665,1902.4385
NSW1,2026-08-11 03:00:00+10:00,6594.190149999999,1853.8561
NSW1,2026-08-11 03:30:00+10:00,6471.227233333334,1825.6086
NSW1,2026-08-11 04:00:00+10:00,6453.2899,1854.8374
NSW1,2026-08-11 04:30:00+10:00,6509.130716666667,1855.9532
NSW1,2026-08-11 05:00:00+10:00,6814.564450000001,1908.0324
NSW1,2026-08-11 05:30:00+10:00,7288.0435333333335,2097.686
NSW1,2026-08-11 06:00:00+10:00,8244.241,2350.0405
NSW1,2026-08-11 06:30:00+10:00,9197.874016666667,2552.6438
NSW1,2026-08-11 07:00:00+10:00,9384.162866666667,2624.5301
NSW1,2026-08-11 07:30:00+10:00,9568.845166666666,2637.5902
NSW1,2026-08-11 08:00:00+10:00,9391.230883333334,2534.0862
NSW1,2026-08-11 08:30:00+10:00,9285.643366666667,2330.5814
NSW1,2026-08-11 09:00:00+10:00,9715.271566666666,2028.8802999999998
NSW1,2026-08-11 09:30:00+10:00,10199.226349999999,1836.0857
NSW1,2026-08-11 10:00:00+10:00,11174.247933333332,1571.2447
NSW1,2026-08-11 10:30:00+10:00,10802.866216666667,1432.8636000000001
NSW1,2026-08-11 11:00:00+10:00,10915.955016666667,1435.1387
NSW1,2026-08-11 11:30:00+10:00,11123.129566666665,1301.2274
NSW1,2026-08-11 12:00:00+10:00,11833.242400000001,1227.8735
NSW1,2026-08-11 12:30:00+10:00,11219.537083333335,1240.3581
NSW1,2026-08-11 13:00:00+10:00,10949.154183333332,1205.0720000000001
NSW1,2026-08-11 13:30:00+10:00,10812.508083333334,1209.4660999999999
NSW1,2026-08-11 14:00:00+10:00,10287.956983333333,1202.7162
NSW1,2026-08-11 14:30:00+10:00,9668.695366666667,1232.2582
NSW1,2026-08-11 15:00:00+10:00,9102.466266666668,1301.3344
NSW1,2026-08-11 15:30:00+10:00,8770.6653,1463.8497
NSW1,2026-08-11 16:00:00+10:00,8915.488133333332,1824.1781
NSW1,2026-08-11 16:30:00+10:00,9499.624783333333,2208.9854
NSW1,2026-08-11 17:00:00+10:00,10207.057350000001,2602.5735
NSW1,2026-08-11 17:30:00+10:00,11017.239783333333,2834.6931
NSW1,2026-08-11 18:00:00+10:00,11937.923716666666,2907.1182
NSW1,2026-08-11 18:30:00+10:00,11653.415016666666,2825.7004
NSW1,2026-08-11 19:00:00+10:00,11551.426266666667,2846.6924
NSW1,2026-08-11 19:30:00+10:00,10357.085083333333,2888.4524
NSW1,2026-08-11 20:00:00+10:00,9852.635049999999,2916.2161
NSW1,2026-08-11 20:30:00+10:00,10127.840683333334,2850.6669
NSW1,2026-08-11 21:00:00+10:00,9751.683783333334,2817.9856999999997
NSW1,2026-08-11 21:30:00+10:00,9214.160116666668,2843.2813
NSW1,2026-08-11 22:00:00+10:00,8630.266450000001,2827.6865
NSW1,2026-08-11 22:30:00+10:00,8438.5055,2798.9069
NSW1,2026-08-11 23:00:00+10:00,8197.930633333333,2747.0917
NSW1,2026-08-11 23:30:00+10:00,7942.814266666667,2687.2264
NSW1,2026-08-12 00:00:00+10:00,7773.002033333333,2629.8611
NSW1,2026-08-12 00:30:00+10:00,7594.2500666666665,2602.1022000000003
NSW1,2026-08-12 01:00:00+10:00,7229.2183,2468.4641
NSW1,2026-08-12 01:30:00+10:00,6942.711683333334,2343.7224
NSW1,2026-08-12 02:00:00+10:00,6881.491816666666,2293.6043
NSW1,2026-08-12 02:30:00+10:00,6895.280983333333,2264.2075
NSW1,2026-08-12 03:00:00+10:00,6997.059116666667,2253.5666
NSW1,2026-08-12 03:30:00+10:00,6895.766666666666,2244.6257
NSW1,2026-08-12 04:00:00+10:00,6810.284016666667,2228.846
NSW1,2026-08-12 04:30:00+10:00,6857.0656500000005,2242.42
NSW1,2026-08-12 05:00:00+10:00,7095.743716666667,2350.165
NSW1,2026-08-12 05:30:00+10:00,7430.72345,2520.9764
NSW1,2026-08-12 06:00:00+10:00,8430.153116666666,2693.7125
NSW1,2026-08-12 06:30:00+10:00,9441.972233333334,2835.9543
NSW1,2026-08-12 07:00:00+10:00,9797.17795,2925.3566
NSW1,2026-08-12 07:30:00+10:00,10011.218200000001,2944.5562
NSW1,2026-08-12 08:00:00+10:00,10065.830049999999,2935.3997
NSW1,2026-08-12 08:30:00+10:00,10004.485383333333,2696.5677
NSW1,2026-08-12 09:00:00+10:00,10064.767366666667,2406.9531
NSW1,2026-08-12 09:30:00+10:00,10128.9585,2015.3426
NSW1,2026-08-12 10:00:00+10:00,9905.858216666666,1823.6554
NSW1,2026-08-12 10:30:00+10:00,10404.329233333332,1650.3258
NSW1,2026-08-12 11:00:00+10:00,11094.11095,1594.5456
NSW1,2026-08-12 11:30:00+10:00,10864.883566666666,1505.483
NSW1,2026-08-12 12:00:00+10:00,10678.114933333332,1533.6268
NSW1,2026-08-12 12:30:00+10:00,10504.9853,1651.6621
NSW1,2026-08-12 13:00:00+10:00,10479.563933333333,1675.8454
NSW1,2026-08-12 13:30:00+10:00,10592.764166666666,1701.4468
NSW1,2026-08-12 14:00:00+10:00,10248.016216666667,1777.2424
NSW1,2026-08-12 14:30:00+10:00,9705.3779,1849.0601000000001
NSW1,2026-08-12 15:00:00+10:00,8984.875683333334,1967.7056
NSW1,2026-08-12 15:30:00+10:00,8768.189633333333,2148.1565
NSW1,2026-08-12 16:00:00+10:00,8610.558766666667,2303.0788000000002
NSW1,2026-08-12 16:30:00+10:00,9285.684283333334,2617.1924
NSW1,2026-08-12 17:00:00+10:00,10075.199866666668,2892.5289000000002
NSW1,2026-08-12 17:30:00+10:00,10542.245616666667,3051.7038000000002
NSW1,2026-08-12 18:00:00+10:00,10727.036033333332,3118.5535
NSW1,2026-08-12 18:30:00+10:00,10834.976483333334,3132.8333000000002
NSW1,2026-08-12 19:00:00+10:00,10323.863383333333,3140.645
NSW1,2026-08-12 19:30:00+10:00,9922.709499999999,3142.5909
NSW1,2026-08-12 20:00:00+10:00,9409.566116666667,3149.2407000000003
NSW1,2026-08-12 20:30:00+10:00,9329.168333333333,3124.1704
NSW1,2026-08-12 21:00:00+10:00,9139.084233333333,3129.2102
NSW1,2026-08-12 21:30:00+10:00,9067.532633333334,3053.3517
NSW1,2026-08-12 22:00:00+10:00,8736.731699999998,2891.3449
NSW1,2026-08-12 22:30:00+10:00,8294.045066666667,2708.6215
NSW1,2026-08-12 23:00:00+10:00,7952.874650000001,2559.3713
NSW1,2026-08-12 23:30:00+10:00,7642.200316666666,2467.2943999999998
NSW1,2026-08-13 00:00:00+10:00,7674.944200000001,2363.5254
NSW1,2026-08-13 00:30:00+10:00,7656.693216666667,2303.9755
NSW1,2026-08-13 01:00:00+10:00,7462.300266666666,2248.7498
NSW1,2026-08-13 01:30:00+10:00,7099.98045,2174.3928
NSW1,2026-08-13 02:00:00+10:00,6742.030066666666,2145.272
NSW1,2026-08-13 02:30:00+10:00,6462.402083333333,2140.3165
NSW1,2026-08-13 03:00:00+10:00,6443.90235,2101.0055
NSW1,2026-08-13 03:30:00+10:00,6408.863183333334,2077.5584
NSW1,2026-08-13 04:00:00+10:00,6265.616616666666,2071.0483999999997
NSW1,2026-08-13 04:30:00+10:00,6325.035333333333,2085.3674
NSW1,2026-08-13 05:00:00+10:00,6640.368983333334,2214.4044
NSW1,2026-08-13 05:30:00+10:00,7156.090066666667,2388.1778
NSW1,2026-08-13 06:00:00+10:00,7936.470566666667,2516.3053
NSW1,2026-08-13 06:30:00+10:00,9341.287483333334,2699.1249
NSW1,2026-08-13 07:00:00+10:00,10260.076916666667,2891.2329
NSW1,2026-08-13 07:30:00+10:00,10538.11145,2908.7131
NSW1,2026-08-13 08:00:00+10:00,10422.8667,2846.3303
NSW1,2026-08-13 08:30:00+10:00,10146.7282,2586.4165
NSW1,2026-08-13 09:00:00+10:00,10023.047216666668,2313.6796
NSW1,2026-08-13 09:30:00+10:00,10188.322933333333,2115.5265
NSW1,2026-08-13 10:00:00+10:00,10645.850483333334,2001.7952
NSW1,2026-08-13 10:30:00+10:00,11223.76605,1989.1444000000001
NSW1,2026-08-13 11:00:00+10:00,11744.255083333332,1958.0472
NSW1,2026-08-13 11:30:00+10:00,11859.072783333335,1885.4999
NSW1,2026-08-13 12:00:00+10:00,11864.972333333333,1809.8682000000001
NSW1,2026-08-13 12:30:00+10:00,11763.894266666668,1751.1884
NSW1,2026-08-13 13:00:00+10:00,11461.428999999998,1693.193
NSW1,2026-08-13 13:30:00+10:00,11095.055033333332,1612.4681
NSW1,2026-08-13 14:00:00+10:00,10920.468916666667,1593.268
NSW1,2026-08-13 14:30:00+10:00,10439.469416666667,1622.0924
NSW1,2026-08-13 15:00:00+10:00,9948.140116666667,1661.4404
NSW1,2026-08-13 15:30:00+10:00,9607.607766666666,1822.6299
NSW1,2026-08-13 16:00:00+10:00,9107.2495,2112.4637000000002
NSW1,2026-08-13 16:30:00+10:00,9104.046133333333,2589.5854
NSW1,2026-08-13 17:00:00+10:00,9625.062933333333,2982.0785
NSW1,2026-08-13 17:30:00+10:00,10514.823600000002,3185.7138999999997
NSW1,2026-08-13 18:00:00+10:00,11575.185383333332,3192.3725
NSW1,2026-08-13 18:30:00+10:00,11213.647633333334,3193.8445
NSW1,2026-08-13 19:00:00+10:00,10817.977966666667,3200.4533
NSW1,2026-08-13 19:30:00+10:00,10914.521683333334,3206.1709
NSW1,2026-08-13 20:00:00+10:00,10250.813316666667,3210.9566999999997
NSW1,2026-08-13 20:30:00+10:00,9894.899116666666,3219.1288999999997
NSW1,2026-08-13 21:00:00+10:00,9720.993616666667,3217.0657
NSW1,2026-08-13 21:30:00+10:00,9403.362533333333,3209.7824
NSW1,2026-08-13 22:00:00+10:00,9195.972083333334,3184.1731
NSW1,2026-08-13 22:30:00+10:00,8865.3562,3116.2775
NSW1,2026-08-13 23:00:00+10:00,8514.83865,3002.4117
NSW1,2026-08-13 23:30:00+10:00,8276.980016666666,2924.9137
NSW1,2026-08-14 00:00:00+10:00,8044.712566666666,2882.6009
NSW1,2026-08-14 00:30:00+10:00,7678.621883333333,2786.9509
NSW1,2026-08-14 01:00:00+10:00,7431.802583333333,2722.699
NSW1,2026-08-14 01:30:00+10:00,7116.7678000000005,2689.4642
NSW1,2026-08-14 02:00:00+10:00,6989.8289,2680.7813
NSW1,2026-08-14 02:30:00+10:00,6836.535116666667,2656.2157
NSW1,2026-08-14 03:00:00+10:00,6708.698033333333,2615.7463
NSW1,2026-08-14 03:30:00+10:00,6738.092616666666,2633.2016
NSW1,2026-08-14 04:00:00+10:00,6928.631683333333,2736.4128
NSW1,2026-08-14 04:30:00+10:00,7049.165133333333,2775.0617
NSW1,2026-08-14 05:00:00+10:00,7444.51335,2912.611
NSW1,2026-08-14 05:30:00+10:00,7863.072116666666,3014.1533
NSW1,2026-08-14 06:00:00+10:00,8732.310083333332,3061.3776
NSW1,2026-08-14 06:30:00+10:00,9701.82955,3065.0082
NSW1,2026-08-14 07:00:00+10:00,9752.009883333334,3061.4764
NSW1,2026-08-14 07:30:00+10:00,10302.6345,3025.8677
NSW1,2026-08-14 08:00:00+10:00,10296.718716666668,2960.3232
NSW1,2026-08-14 08:30:00+10:00,10405.370966666667,2785.1542
NSW1,2026-08-14 09:00:00+10:00,10791.301633333334,2644.1432999999997
NSW1,2026-08-14 09:30:00+10:00,10930.288583333333,2428.9424
NSW1,2026-08-14 10:00:00+10:00,11293.48555,2256.6006
NSW1,2026-08-14 10:30:00+10:00,11209.389016666668,2060.9936
NSW1,2026-08-14 11:00:00+10:00,11250.85355,1920.9013
NSW1,2026-08-14 11:30:00+10:00,11500.803933333334,1925.5713
NSW1,2026-08-14 12:00:00+10:00,11606.025950000001,1907.7976
NSW1,2026-08-14 12:30:00+10:00,11492.925716666667,1886.8018
NSW1,2026-08-14 13:00:00+10:00,11423.5204,1878.0562
NSW1,2026-08-14 13:30:00+10:00,10971.497483333333,1847.4339
NSW1,2026-08-14 14:00:00+10:00,10625.018383333334,1797.2287999999999
NSW1,2026-08-14 14:30:00+10:00,10152.6264,1858.5942
NSW1,2026-08-14 15:00:00+10:00,9416.014316666666,1836.5761
NSW1,2026-08-14 15:30:00+10:00,9024.326333333333,2026.7162
NSW1,2026-08-14 16:00:00+10:00,8843.280816666667,2408.6467
NSW1,2026-08-14 16:30:00+10:00,8589.106300000001,2794.3208
NSW1,2026-08-14 17:00:00+10:00,9194.711183333333,3054.1472
NSW1,2026-08-14 17:30:00+10:00,10022.49055,3231.8022
NSW1,2026-08-14 18:00:00+10:00,10120.444483333333,3253.6885
NSW1,2026-08-14 18:30:00+10:00,10046.9565,3258.9355
NSW1,2026-08-14 19:00:00+10:00,10013.618516666667,3256.0387
NSW1,2026-08-14 19:30:00+10:00,9821.348049999999,3255.2955
NSW1,2026-08-14 20:00:00+10:00,9617.1814,3245.8153
NSW1,2026-08-14 20:30:00+10:00,9778.269116666666,3210.7508
NSW1,2026-08-14 21:00:00+10:00,9583.778400000001,3174.7068
NSW1,2026-08-14 21:30:00+10:00,9556.489,3111.8503
NSW1,2026-08-14 22:00:00+10:00,9308.24065,3088.3548
NSW1,2026-08-14 22:30:00+10:00,8880.0214,3089.3508
NSW1,2026-08-14 23:00:00+10:00,8440.762416666666,3083.4439
NSW1,2026-08-14 23:30:00+10:00,8220.044800000001,3059.4966
NSW1,2026-08-15 00:00:00+10:00,8148.399850000001,3018.3253
NSW1,2026-08-15 00:30:00+10:00,8042.2553333333335,2995.7994
NSW1,2026-08-15 01:00:00+10:00,7767.496483333333,2908.732
NSW1,2026-08-15 01:30:00+10:00,7441.016683333334,2775.0153
NSW1,2026-08-15 02:00:00+10:00,7114.292866666667,2629.3841
NSW1,2026-08-15 02:30:00+10:00,6903.351833333333,2545.5938
NSW1,2026-08-15 03:00:00+10:00,6714.625616666667,2457.0252
NSW1,2026-08-15 03:30:00+10:00,6641.860516666667,2423.4447
NSW1,2026-08-15 04:00:00+10:00,6672.1551,2417.0804
NSW1,2026-08-15 04:30:00+10:00,6761.7082,2424.1182
NSW1,2026-08-15 05:00:00+10:00,6985.522983333333,2439.9735
NSW1,2026-08-15 05:30:00+10:00,7099.373350000001,2523.5383
NSW1,2026-08-15 06:00:00+10:00,7401.660633333333,2640.066
NSW1,2026-08-15 06:30:00+10:00,7557.157583333334,2696.2676
NSW1,2026-08-15 07:00:00+10:00,7900.390016666667,2773.1336
NSW1,2026-08-15 07:30:00+10:00,8311.114966666666,2770.8961
NSW1,2026-08-15 08:00:00+10:00,8432.195983333333,2515.4022
NSW1,2026-08-15 08:30:00+10:00,8731.613733333334,2234.2704
NSW1,2026-08-15 09:00:00+10:00,9179.368816666667,2105.7352
NSW1,2026-08-15 09:30:00+10:00,9431.9845,1982.0684999999999
NSW1,2026-08-15 10:00:00+10:00,9623.156933333334,1980.0948
NSW1,2026-08-15 10:30:00+10:00,9571.225533333332,2000.4195
NSW1,2026-08-15 11:00:00+10:00,9800.302166666666,2025.2883
NSW1,2026-08-15 11:30:00+10:00,10044.941183333334,2053.3554
NSW1,2026-08-15 12:00:00+10:00,9969.369466666667,2047.1303
NSW1,2026-08-15 12:30:00+10:00,9938.028116666666,2052.2149
NSW1,2026-08-15 13:00:00+10:00,10001.982666666667,2186.9741
NSW1,2026-08-15 13:30:00+10:00,10053.903133333333,2198.5719
NSW1,2026-08-15 14:00:00+10:00,10130.869966666667,2209.4114
NSW1,2026-08-15 14:30:00+10:00,9943.955633333333,2238.7915
NSW1,2026-08-15 15:00:00+10:00,9764.1056,2298.6279
NSW1,2026-08-15 15:30:00+10:00,9370.211416666667,2374.451
NSW1,2026-08-15 16:00:00+10:00,8897.934383333333,2509.3437
NSW1,2026-08-15 16:30:00+10:00,8360.821416666668,2776.3403
NSW1,2026-08-15 17:00:00+10:00,9069.214399999999,2969.5523
NSW1,2026-08-15 17:30:00+10:00,9835.322683333334,3100.578
NSW1,2026-08-15 18:00:00+10:00,10130.517216666667,3111.4164
NSW1,2026-08-15 18:30:00+10:00,10261.35045,3083.3079
NSW1,2026-08-15 19:00:00+10:00,10056.919733333334,3084.7128000000002
NSW1,2026-08-15 19:30:00+10:00,9900.62175,3086.948
NSW1,2026-08-15 20:00:00+10:00,9546.342766666667,3087.0777
NSW1,2026-08-15 20:30:00+10:00,9237.655116666667,3086.8488
NSW1,2026-08-15 21:00:00+10:00,9147.778533333332,3083.0134
NSW1,2026-08-15 21:30:00+10:00,8591.88825,3047.1161
NSW1,2026-08-15 22:00:00+10:00,8272.443033333335,2985.5137
NSW1,2026-08-15 22:30:00+10:00,8086.219083333333,2966.5534
NSW1,2026-08-15 23:00:00+10:00,8003.412833333333,2928.4257000000002
NSW1,2026-08-15 23:30:00+10:00,7685.201016666666,2805.3763
NSW1,2026-08-16 00:00:00+10:00,7515.3108,2700.5883
NSW1,2026-08-16 00:30:00+10:00,7291.868399999999,2618.0415000000003
NSW1,2026-08-16 01:00:00+10:00,6955.038033333333,2521.8821
NSW1,2026-08-16 01:30:00+10:00,6696.733033333333,2428.919
NSW1,2026-08-16 02:00:00+10:00,6366.38815,2290.6312
NSW1,2026-08-16 02:30:00+10:00,6149.903450000001,2229.2098
NSW1,2026-08-16 03:00:00+10:00,5933.31625,2141.5486
NSW1,2026-08-16 03:30:00+10:00,5895.71115,2129.3968999999997
NSW1,2026-08-16 04:00:00+10:00,5911.769966666667,2145.5579
NSW1,2026-08-16 04:30:00+10:00,6022.959883333333,2192.7965
NSW1,2026-08-16 05:00:00+10:00,6127.116133333333,2239.3598
NSW1,2026-08-16 05:30:00+10:00,6199.562616666666,2274.6207
NSW1,2026-08-16 06:00:00+10:00,6266.582299999999,2279.5629
NSW1,2026-08-16 06:30:00+10:00,6463.933399999999,2282.6329
NSW1,2026-08-16 07:00:00+10:00,6711.5112,2269.9233999999997
NSW1,2026-08-16 07:30:00+10:00,7666.88355,2266.6823
NSW1,2026-08-16 08:00:00+10:00,9024.292266666667,2246.5962
NSW1,2026-08-16 08:30:00+10:00,9585.8247,2106.6473
NSW1,2026-08-16 09:00:00+10:00,9656.063683333334,1962.3519999999999
NSW1,2026-08-16 09:30:00+10:00,10044.856600000001,1752.2102
NSW1,2026-08-16 10:00:00+10:00,10365.694416666667,1627.5109
NSW1,2026-08-16 10:30:00+10:00,10374.069433333334,1590.1568000000002
NSW1,2026-08-16 11:00:00+10:00,10307.6273,1620.222
NSW1,2026-08-16 11:30:00+10:00,10368.401733333334,1629.5752
NSW1,2026-08-16 12:00:00+10:00,10183.914066666666,1697.5993
NSW1,2026-08-16 12:30:00+10:00,10060.794183333333,1652.8372
NSW1,2026-08-16 13:00:00+10:00,10030.109683333334,1663.7776
NSW1,2026-08-16 13:30:00+10:00,9670.54465,1549.9265
NSW1,2026-08-16 14:00:00+10:00,9905.8119,1588.512
NSW1,2026-08-16 14:30:00+10:00,9772.411766666666,1760.6988000000001
NSW1,2026-08-16 15:00:00+10:00,9328.753116666667,1887.6935
NSW1,2026-08-16 15:30:00+10:00,9189.056266666666,1971.5426
NSW1,2026-08-16 16:00:00+10:00,9001.367416666666,2107.7741
NSW1,2026-08-16 16:30:00+10:00,9386.708183333334,2408.4655000000002
NSW1,2026-08-16 17:00:00+10:00,10081.069733333332,2723.6501000000003
NSW1,2026-08-16 17:30:00+10:00,11286.520066666666,2928.3789
NSW1,2026-08-16 18:00:00+10:00,11730.311466666666,2894.8604
NSW1,2026-08-16 18:30:00+10:00,11640.94005,2898.9125
NSW1,2026-08-16 19:00:00+10:00,11161.832383333332,2900.3554
NSW1,2026-08-16 19:30:00+10:00,10578.722116666666,2916.3286
NSW1,2026-08-16 20:00:00+10:00,9992.621066666667,2897.4814
NSW1,2026-08-16 20:30:00+10:00,9576.1705,2839.0701
NSW1,2026-08-16 21:00:00+10:00,9152.66335,2796.4272
NSW1,2026-08-16 21:30:00+10:00,8832.883233333334,2741.0283
NSW1,2026-08-16 22:00:00+10:00,8644.73585,2712.2733
NSW1,2026-08-16 22:30:00+10:00,8196.126183333334,2622.6844
NSW1,2026-08-16 23:00:00+10:00,7635.881450000001,2455.6592
NSW1,2026-08-16 23:30:00+10:00,7466.22605,2360.5338
